javlibrary,r18
Overseas,Caucasian Actress
Daughter,Adopted Daughter
Hostesses,Club Hostess & Sex Worker
"Eyes-Roll-Back, Fainting","Eyes-Roll-Back, Fainting"
Emmanuel,Emmanuel
Doggystyle,Doggystyle
Yukata,KIMONO
Female Boss,Female Boss
Subordinates / Colleagues,Employee/Coworker
Adopted Daughter,Adopted Daughter
Business Attire,Business Suit
Candle,Candle Drippings
Nose Hook,Nose Fuck
Affair,Adultery
Beautiful Girl,Beautiful Girl
Black Actor,Black Man
Bus Guide,Bus Tour Guide
Booth Girl,Campaign Girl
Virgin Man,Cherry Boy
Childhood Friend,Childhood Friend
Prostitutes,Club Hostess & Sex Worker
Female College Student,College Girl
Doll,Doll
Anchorwoman,Female Anchor
Female Doctor,Female Doctor
Female Ninja,Female Ninja
Female Warrior,Female Soldier
Female Teacher,Female Teacher
Gal,Gal
Companion,Hostess
"Landlady, Hostess",Housewife
Instructor,Instructor
Look-alike,Lookalike
Submissive Woman,M-jo
Magic Gal,Magical Girl
Maid,Maid
Married Woman,Married Woman
Fighters,Martial Arts
Mature Woman,Mature Woman
Mother,MILF
Model,Model
Nurse,Nurse
OL,Office Lady
Older Sister,Older Sister
Pregnant Woman,Pregnant
Priestess,Priestess
Princess,Princess
Miss,Princess & Mademoiselle
Tutor,Private Tutor
Race Queen,Race Queen
Soapland,Soapland Girl
School Stuff,School
School Girls,Schoolgirl
Secretary,Secretary
Slut,Slut
Spanking,Spanking
Stepmother,Stepmom
Stewardess,Stewardess
Transformed Heroine,Super Heroine
Various Professions,Various Worker
Virgin,Virgin
Waitress,Waitress
Widow,Widow
"Bride, Young Wife",Young Wife
Other Asian,Asian Actress
Breasts,Beautiful Tits
Huge Butt,Big Asses
Big Tits,Big Tits
Bitch,Bitch
Catgirl,Cat Cosplay
White Actress,Caucasian Actress
BBW,Chubby
Female Investigator,Female Detective
Glasses,Glasses
Futanari,Hermaphrodite
Ultra-Huge Tits,Huge Tits
Entertainer,Idol & Celebrity
Mini,Petite
Slender,Slender
Tits,Small Tits
Sun tan,Suntan
Tall,Tall Girl
Tsundere,TSUNDERE
Girl,Youthful
Restraints,Bondage
Bunny Girl,Bunny Girl
Cheongsam,Chinese Dress
Cross Dressing,Cross Dresser
Bloomers,Gym Clothes
"Kimono, Mourning",KIMONO
Knee Socks,Knee-High Socks
Leotard,Leotards
Lingerie,Lingerie
Loose Socks,Loose Socks
Mini Skirt,Miniskirt
Mini Skirt Police,Miniskirt Police
Naked Apron,Naked Apron
Pantyhose,Pantyhose
Sailor Suit,Sailor Uniform
School Swimsuit,School Swimsuits
School Uniform,School Uniform
Swimsuit,Swimsuits
Body Conscious,Tight Dress
Uniform,Uniform
,Action
Fighting Action,Action & Fighting
Amateur,Amateur
Anime,Anime
Butt,Ass Lover
SM,BDSM
Busty Fetish,Big Tits Lover
Boys Love,BL
Car Sex,Car Sex
Cuckold,Cheating Wife
Classic,Classics
Gag Â· Comedy,Comedy
Cosplay,Cosplay
Couple,Couple
Cowgirl,Cowgirl
Dance,Dance
Delusion,Daydream
Documentary,Documentary
Drama,Drama
Dead Drunk,Drunk Girl
Fan Appreciation,Fan Appreciation/ Home Visit
Fantasy,Fantasy
US/EU Porn,Foreign Imports
Leg Fetish,Foot Fetish
Oversea Import,Foreign Imports
Cervix,G-Spot
Gay,Gay
Close Up,Genital Close-Up
Molester,Groping
Reverse Play,Horny
Horror,Horror
Hot Spring,Hot Spring
Lesbian,Lesbian
Massage,Massage
Beauty Shop,Massage Parlor
Muscle,Muscular
Erotic Wear,Non-nude Erotica
"Nasty, Hardcore",Nymphomaniac
Promiscuity,Orgy
Original Collaboration,Original Collaboration
Other Fetish,Other Fetishes
Outdoors,Outdoor
Underwear,Panty Shot
Nampa,Picking Up Girls
Prank,Pranks
Incest,Relatives
Rape,Reluctant
Reserved Role,Reverse Pick Up
Scatology,S**t
SF,Sci-Fi
Sexy,Sexy
Shaved,Shaved Pussy
Transsexual,Shemale
Shotacon,Shotacon
Sister,Sister
Special Effects,Special Effects
Sport,Sports
"Psycho, Thriller",Thriller
Slave,Training
Planning,Variety
Vomit,Vomit
Voyeur,Voyeur
69,69
Anal,Anal Play
Anal,Anal Sex
Electric Massager,Big Vibrator
Blow,Blowjob
Restraints,Bondage
Breast Milk,Breast Milk
Bukkake,BUKKAKE
Confinement,Confinement
Creampie,Creampie
Cum,Cum Swallowing
Cunnilingus,Cunnilingus
Deep Throating,Deep Throat
Dirty Words,Dirty Talk
Cruel Expression,Domination
Egg Vibrator,Egg Vibrator
Enema,Enema
Facesitting,Face Sitting
Facials,Facial
Finger Fuck,Fingering
Fisting,Fisting
Footjob,Footjob
Gangbang,Gangbang
Piss Drinking,Golden Shower
Speculum,Gyno Exam
Handjob,Handjob
Evil,Hard Sex
Promiscuity,Harlem
Huge Cock,Huge Dick - Large Dick
Abuse,Humiliation
Hypnosis,Hypnotism
Kiss,Kiss Kiss
Lesbian Kiss,Lesbian Kissing
Lotion,Lotion
Love,Love
Submissive Men,Masochist Man
Masturbation,Masturbation
Foreign Objects,Object Insertion
Defecation,Pooping
Subjectivity,POV
Premature Ejaculation,Premature Ejaculation
Impromptu Sex,Quickie
Restraint,Ropes & Ties
Dark System,Serious
Toy,Sex Toys
Humiliation,Shame
Tentacle,Shokushu
Squirting,Squirting
Drug,Substance Use
Sweat,Sweating
"3P, 4P",Threesome / Foursome
Tickling,Tickling
Time Stop,Time Warp
Titty Fuck,Titty Fuck
Urination,Urination
Vibe,Vibrator
"Best, Omnibus",Actress Best Compilation
Training,Training
"Best, Omnibus",Compilation
Experience Confession,Confessional
Debut Production,Debut
Digital Mosaic,Digital Mosaic
Debut,Debut
VR,VR Exclusive
For Women,For Women
POV,Gonzo
High Quality VR,High-Quality VR
User Submission,Homemade
How To,How To
Image Video,Idol Video
Independents,Independent
Exposure,Outdoor
Risky Mosaic,Minimal Mosaic
Over 16 Hours,More Than 16 Hours Of Footage
Other,Others
4HR+,Over 4 Hours
Reprinted Edition,Reprint
Multiple Story,Series
