Original,New
Overseas,Caucasian Actress
Daughter,Adopted Daughter
Hostesses,Club Hostess & Sex Worker
"Eyes-Roll-Back, Fainting","Eyes-Roll-Back, Fainting"
Yukata,KIMONO
Female Boss,Female Boss
Subordinates / Colleagues,Employee-Coworker
Adopted Daughter,Adopted Daughter
Business Attire,Business Suit
Candle,Candle Drippings
Nose Hook,Nose Fuck
Affair,Adultery
Black Actor,Black Man
Bus Guide,Bus Tour Guide
Booth Girl,Campaign Girl
Virgin Man,Cherry Boy
Childhood Friend,Childhood Friend
Prostitutes,Club Hostess & Sex Worker
Female College Student,College Girl
Anchorwoman,Female Anchor
Female Warrior,Female Soldier
Companion,Hostess
"Landlady, Hostess",Housewife
Instructor,Instructor
Look-alike,Lookalike
Submissive Woman,M-jo
Magic Gal,Magical Girl
Fighters,Martial Arts
Mature Woman,Mature Woman
Mother,MILF
OL,Office Lady
Pregnant Woman,Pregnant
Miss,Princess & Mademoiselle
Tutor,Private Tutor
Race Queen,Race Queen
Soapland,Soapland Girl
School Stuff,School
School Girls,Schoolgirl
Secretary,Secretary
Slut,Slut
Spanking,Spanking
Stepmother,Stepmom
Stewardess,Stewardess
Transformed Heroine,Super Heroine
Various Professions,Various Worker
Virgin,Virgin
Waitress,Waitress
Widow,Widow
"Bride, Young Wife",Young Wife
Other Asian,Asian Actress
Breasts,Beautiful Tits
Huge Butt,Big Asses
Big Tits,Big Tits
Bitch,Bitch
Catgirl,Cat Cosplay
White Actress,Caucasian Actress
BBW,Chubby
Female Investigator,Female Detective
Glasses,Glasses
Futanari,Hermaphrodite
Ultra-Huge Tits,Huge Tits
Entertainer,Idol & Celebrity
Mini,Petite
Slender,Slender
Tits,Small Tits
Sun tan,Suntan
Tall,Tall Girl
Tsundere,TSUNDERE
Girl,Youthful
Restraints,Bondage
Bunny Girl,Bunny Girl
Cheongsam,Chinese Dress
Cross Dressing,Cross Dresser
Bloomers,Gym Clothes
"Kimono, Mourning",KIMONO
Knee Socks,Knee-High Socks
Leotard,Leotards
Lingerie,Lingerie
Loose Socks,Loose Socks
Mini Skirt,Miniskirt
Mini Skirt Police,Miniskirt Police
Naked Apron,Naked Apron
Pantyhose,Pantyhose
Sailor Suit,Sailor Uniform
School Swimsuit,School Swimsuits
School Uniform,School Uniform
Swimsuit,Swimsuits
Body Conscious,Tight Dress
Uniform,Uniform
Fighting Action,Action & Fighting
Amateur,Amateur
Anime,Anime
Butt,Ass Lover
SM,BDSM
Busty Fetish,Big Tits Lover
Boys Love,BL
Car Sex,Car Sex
Cuckold,Cheating Wife
Gag Â· Comedy,Comedy
Delusion,Daydream
Dead Drunk,Drunk Girl
Fan Appreciation,Fan Appreciation- Home Visit
US/EU Porn,Foreign Imports
Leg Fetish,Foot Fetish
Oversea Import,Foreign Imports
Cervix,G-Spot
Close Up,Genital Close-Up
Molester,Groping
Reverse Play,Horny
Hot Spring,Hot Spring
Beauty Shop,Massage Parlor
Muscle,Muscular
Erotic Wear,Non-nude Erotica
"Nasty, Hardcore",Nymphomaniac
Promiscuity,Orgy
Original Collaboration,Original Collaboration
Other Fetish,Other Fetishes
Outdoors,Outdoor
Underwear,Panty Shot
Nampa,Picking Up Girls
Prank,Pranks
Incest,Relatives
Rape,Reluctant
Reserved Role,Reverse Pick Up
Scatology,Scatology
SF,Sci-Fi
Shaved,Shaved Pussy
Transsexual,Shemale
Sport,Sports
"Psycho, Thriller",Thriller
Slave,Training
Planning,Variety
Anal,Anal Play
Electric Massager,Big Vibrator
Blow,Blowjob
Restraints,Bondage
Breast Milk,Breast Milk
Bukkake,BUKKAKE
Cum,Cum Swallowing
Cunnilingus,Cunnilingus
Deep Throating,Deep Throat
Dirty Words,Dirty Talk
Cruel Expression,Domination
Egg Vibrator,Egg Vibrator
Facesitting,Face Sitting
Facials,Facial
Finger Fuck,Fingering
Gangbang,Gangbang
Piss Drinking,Golden Shower
Speculum,Gyno Exam
Evil,Hard Sex
Promiscuity,Harlem
Huge Cock,Huge Dick - Large Dick
Abuse,Humiliation
Hypnosis,Hypnotism
Kiss,Kiss Kiss
Lesbian Kiss,Lesbian Kissing
Submissive Men,Masochist Man
Masturbation,Masturbation
Foreign Objects,Object Insertion
Defecation,Pooping
Subjectivity,POV
Premature Ejaculation,Premature Ejaculation
Impromptu Sex,Quickie
Restraint,Ropes & Ties
Dark System,Serious
Toy,Sex Toys
Humiliation,Shame
Tentacle,Shokushu
Squirting,Squirting
Drug,Substance Use
Sweat,Sweating
"3P, 4P",Threesome - Foursome
Time Stop,Time Warp
Urination,Urination
Vibe,Vibrator
"Best, Omnibus",Actress Best Compilation
Training,Training
"Best, Omnibus",Compilation
Experience Confession,Confessional
Debut Production,Debut
Digital Mosaic,Digital Mosaic
VR,VR Exclusive
POV,Gonzo
High Quality VR,High-Quality VR
User Submission,Homemade
Image Video,Idol Video
Independents,Independent
Exposure,Outdoor
Risky Mosaic,Minimal Mosaic
Over 16 Hours,More Than 16 Hours Of Footage
Other,Others
4HR+,Over 4 Hours
Reprinted Edition,Reprint
Multiple Story,Series
